date,5. volume,4. close,2. high,1. open,3. low
2018-11-12 09:31:00,0.0,10.16,10.16,10.16,10.16
2018-11-12 09:36:00,950.0,10.4435,10.4435,10.4435,10.4435
2018-11-12 09:41:00,304.0,10.1842,10.1842,10.1842,10.1842
2018-11-12 09:47:00,100.0,10.1401,10.1401,10.1401,10.1401
2018-11-12 09:54:00,2414.0,10.15,10.16,10.16,10.15
2018-11-12 09:59:00,1244.0,10.05,10.05,10.05,10.05
2018-11-12 10:06:00,3629.0,10.0123,10.0123,10.0123,10.0123
2018-11-12 10:08:00,5100.0,10.04,10.04,10.04,10.04
2018-11-12 10:14:00,551.0,10.09,10.09,10.09,10.09
2018-11-12 10:21:00,450.0,10.04,10.04,10.04,10.04
2018-11-12 10:27:00,200.0,10.03,10.03,10.03,10.03
2018-11-12 10:30:00,800.0,10.09,10.09,10.0697,10.0697
2018-11-12 10:35:00,549.0,10.0595,10.0595,10.0595,10.0595
2018-11-12 10:37:00,201.0,10.09,10.09,10.09,10.09
2018-11-12 10:38:00,102.0,10.08,10.08,10.08,10.08
2018-11-12 10:43:00,3726.0,10.14,10.14,10.09,10.09
2018-11-12 10:46:00,4057.0,10.27,10.27,10.27,10.27
2018-11-12 10:49:00,301.0,10.33,10.33,10.33,10.33
2018-11-12 10:52:00,202.0,10.37,10.37,10.37,10.37
2018-11-12 10:54:00,300.0,10.27,10.27,10.27,10.27
2018-11-12 10:55:00,602.0,10.36,10.36,10.36,10.36
2018-11-12 11:02:00,4956.0,10.1077,10.12,10.12,10.1077
2018-11-12 11:04:00,503.0,10.2,10.2,10.2,10.2
2018-11-12 11:07:00,400.0,10.1706,10.1706,10.1706,10.1706
2018-11-12 11:09:00,101.0,10.24,10.24,10.24,10.24
2018-11-12 11:10:00,200.0,10.27,10.27,10.27,10.27
2018-11-12 11:12:00,303.0,10.21,10.21,10.21,10.21
2018-11-12 11:19:00,500.0,10.0899,10.0899,10.0899,10.0899
2018-11-12 11:20:00,201.0,10.1,10.1,10.1,10.1
2018-11-12 11:24:00,810.0,10.17,10.17,10.17,10.17
2018-11-12 11:26:00,293.0,10.19,10.19,10.19,10.19
2018-11-12 11:31:00,1702.0,10.17,10.17,10.17,10.17
2018-11-12 11:35:00,300.0,10.21,10.21,10.21,10.21
2018-11-12 11:38:00,501.0,10.315,10.315,10.315,10.315
2018-11-12 11:41:00,502.0,10.39,10.39,10.33,10.33
2018-11-12 11:43:00,101.0,10.3975,10.3975,10.3975,10.3975
2018-11-12 11:47:00,701.0,10.41,10.41,10.41,10.41
2018-11-12 11:51:00,201.0,10.3932,10.3932,10.3932,10.3932
2018-11-12 11:56:00,101.0,10.37,10.37,10.37,10.37
2018-11-12 11:58:00,201.0,10.39,10.39,10.39,10.39
2018-11-12 12:01:00,823.0,10.52,10.52,10.52,10.52
2018-11-12 12:05:00,2988.0,10.59,10.59,10.59,10.59
2018-11-12 12:07:00,1201.0,10.66,10.66,10.66,10.66
2018-11-12 12:13:00,4510.0,10.6253,10.63,10.63,10.6253
2018-11-12 12:17:00,901.0,10.58,10.58,10.58,10.58
2018-11-12 12:18:00,1654.0,10.65,10.65,10.65,10.65
2018-11-12 12:22:00,300.0,10.63,10.63,10.63,10.63
2018-11-12 12:24:00,301.0,10.61,10.61,10.61,10.61
2018-11-12 12:26:00,1500.0,10.6438,10.6438,10.6438,10.6438
2018-11-12 12:27:00,701.0,10.66,10.66,10.66,10.66
2018-11-12 12:28:00,201.0,10.6493,10.6493,10.6493,10.6493
2018-11-12 12:30:00,2399.0,10.681,10.681,10.681,10.681
2018-11-12 12:31:00,2701.0,10.71,10.71,10.71,10.71
2018-11-12 12:33:00,1002.0,10.7661,10.7661,10.7661,10.7661
2018-11-12 12:34:00,3700.0,10.82,10.82,10.7475,10.7475
2018-11-12 12:35:00,1302.0,10.8089,10.8089,10.8089,10.8089
2018-11-12 12:36:00,1599.0,10.86,10.86,10.86,10.86
2018-11-12 12:40:00,101.0,10.89,10.89,10.89,10.89
2018-11-12 12:41:00,501.0,10.9385,10.9385,10.9385,10.9385
2018-11-12 12:43:00,100.0,10.84,10.84,10.84,10.84
2018-11-12 12:44:00,203.0,10.86,10.86,10.86,10.86
2018-11-12 12:46:00,201.0,10.81,10.81,10.81,10.81
2018-11-12 12:49:00,304.0,10.81,10.81,10.81,10.81
2018-11-12 12:53:00,100.0,10.78,10.78,10.78,10.78
2018-11-12 12:55:00,588.0,10.74,10.74,10.74,10.74
2018-11-12 12:58:00,200.0,10.735,10.735,10.735,10.735
2018-11-12 12:59:00,200.0,10.7265,10.7265,10.7265,10.7265
2018-11-12 13:04:00,945.0,10.75,10.75,10.735,10.735
2018-11-12 13:10:00,1140.0,10.75,10.75,10.75,10.75
2018-11-12 13:12:00,999.0,10.7239,10.7239,10.7239,10.7239
2018-11-12 13:15:00,2300.0,10.73,10.73,10.725,10.725
2018-11-12 13:16:00,1603.0,10.7,10.7,10.7,10.7
2018-11-12 13:18:00,704.0,10.7,10.7,10.7,10.7
2018-11-12 13:19:00,306.0,10.68,10.68,10.68,10.68
2018-11-12 13:24:00,100.0,10.64,10.64,10.64,10.64
2018-11-12 13:27:00,404.0,10.6501,10.6501,10.6501,10.6501
2018-11-12 13:29:00,102.0,10.68,10.68,10.68,10.68
2018-11-12 13:34:00,101.0,10.63,10.63,10.63,10.63
2018-11-12 13:35:00,801.0,10.67,10.67,10.67,10.67
2018-11-12 13:41:00,301.0,10.63,10.63,10.63,10.63
2018-11-12 13:44:00,102.0,10.61,10.61,10.61,10.61
2018-11-12 13:47:00,2788.0,10.49,10.57,10.57,10.49
2018-11-12 13:48:00,901.0,10.48,10.48,10.48,10.48
2018-11-12 13:49:00,902.0,10.55,10.55,10.55,10.55
2018-11-12 13:55:00,1364.0,10.52,10.52,10.52,10.52
2018-11-12 13:59:00,256.0,10.5,10.5,10.5,10.5
2018-11-12 14:09:00,4404.0,10.61,10.6299,10.57,10.57
2018-11-12 14:11:00,204.0,10.62,10.62,10.62,10.62
2018-11-12 14:14:00,201.0,10.65,10.65,10.65,10.65
2018-11-12 14:16:00,101.0,10.625,10.625,10.625,10.625
2018-11-12 14:19:00,201.0,10.62,10.62,10.62,10.62
2018-11-12 14:23:00,2204.0,10.7,10.7,10.7,10.7
2018-11-12 14:27:00,501.0,10.67,10.67,10.67,10.67
2018-11-12 14:30:00,317.0,10.62,10.62,10.62,10.62
2018-11-12 14:31:00,303.0,10.61,10.61,10.61,10.61
2018-11-12 14:36:00,788.0,10.59,10.59,10.59,10.59
2018-11-12 14:39:00,5479.0,10.64,10.64,10.58,10.58
2018-11-12 14:42:00,904.0,10.65,10.69,10.69,10.65
2018-11-12 14:47:00,2689.0,10.64,10.64,10.64,10.64
2018-11-12 14:52:00,1601.0,10.6562,10.6562,10.6562,10.6562
2018-11-12 14:53:00,1110.0,10.77,10.77,10.77,10.77
2018-11-12 14:55:00,201.0,10.66,10.66,10.66,10.66
2018-11-12 14:57:00,657.0,10.75,10.75,10.75,10.75
2018-11-12 14:58:00,901.0,10.704,10.704,10.704,10.704
2018-11-12 15:02:00,732.0,10.68,10.68,10.68,10.68
2018-11-12 15:03:00,401.0,10.76,10.76,10.76,10.76
2018-11-12 15:05:00,1127.0,10.78,10.78,10.78,10.78
2018-11-12 15:11:00,969.0,10.65,10.65,10.65,10.65
2018-11-12 15:12:00,1347.0,10.69,10.69,10.69,10.69
2018-11-12 15:13:00,1713.0,10.6858,10.6858,10.6858,10.6858
2018-11-12 15:14:00,5553.0,10.66,10.66,10.6318,10.6318
2018-11-12 15:17:00,1601.0,10.62,10.62,10.62,10.62
2018-11-12 15:20:00,513.0,10.61,10.61,10.61,10.61
2018-11-12 15:21:00,600.0,10.65,10.65,10.65,10.65
2018-11-12 15:24:00,400.0,10.67,10.67,10.67,10.67
2018-11-12 15:28:00,401.0,10.72,10.72,10.72,10.72
2018-11-12 15:30:00,850.0,10.7201,10.7201,10.7201,10.7201
2018-11-12 15:31:00,951.0,10.72,10.72,10.72,10.72
2018-11-12 15:34:00,700.0,10.74,10.74,10.74,10.74
2018-11-12 15:35:00,1801.0,10.76,10.76,10.76,10.76
2018-11-12 15:37:00,1267.0,10.72,10.72,10.72,10.72
2018-11-12 15:38:00,1401.0,10.71,10.71,10.71,10.71
2018-11-12 15:41:00,1201.0,10.7,10.73,10.73,10.7
2018-11-12 15:43:00,1902.0,10.7,10.7,10.7,10.7
2018-11-12 15:45:00,1052.0,10.69,10.69,10.69,10.69
2018-11-12 15:46:00,900.0,10.69,10.69,10.69,10.69
2018-11-12 15:47:00,300.0,10.69,10.69,10.69,10.69
2018-11-12 15:50:00,1606.0,10.68,10.68,10.68,10.68
2018-11-12 15:51:00,800.0,10.69,10.69,10.69,10.69
2018-11-12 15:52:00,801.0,10.67,10.67,10.67,10.67
2018-11-12 15:53:00,1400.0,10.68,10.68,10.68,10.68
2018-11-12 15:54:00,2201.0,10.66,10.66,10.66,10.66
2018-11-12 15:55:00,941.0,10.69,10.69,10.69,10.69
2018-11-12 15:56:00,1550.0,10.66,10.66,10.66,10.66
2018-11-12 15:57:00,1292.0,10.68,10.68,10.68,10.68
2018-11-12 15:58:00,1362.0,10.675,10.675,10.675,10.675
2018-11-12 15:59:00,5696.0,10.7,10.7,10.7,10.7
2018-11-12 16:00:00,9915.0,10.72,10.72,10.71,10.71
2018-11-13 09:33:00,0.0,10.6,10.6,10.6,10.6
2018-11-13 09:38:00,1410.0,10.7875,10.7875,10.7875,10.7875
2018-11-13 09:45:00,2689.0,10.72,10.72,10.72,10.72
2018-11-13 09:48:00,1110.0,10.84,10.84,10.84,10.84
2018-11-13 09:51:00,1510.0,10.8,10.8,10.8,10.8
2018-11-13 09:52:00,200.0,10.86,10.86,10.86,10.86
2018-11-13 09:57:00,200.0,10.845,10.845,10.845,10.845
2018-11-13 10:00:00,200.0,10.8,10.8,10.8,10.8
2018-11-13 10:02:00,1700.0,10.77,10.77,10.77,10.77
2018-11-13 10:03:00,5500.0,10.8,10.8,10.8,10.8
2018-11-13 10:04:00,1339.0,10.81,10.81,10.81,10.81
2018-11-13 10:06:00,125.0,10.78,10.78,10.78,10.78
2018-11-13 10:08:00,800.0,10.85,10.85,10.85,10.85
2018-11-13 10:11:00,120.0,10.86,10.86,10.86,10.86
2018-11-13 10:19:00,1509.0,10.92,10.92,10.92,10.92
2018-11-13 10:28:00,1001.0,10.85,10.85,10.85,10.85
2018-11-13 10:29:00,140.0,10.77,10.77,10.77,10.77
2018-11-13 10:34:00,101.0,10.84,10.84,10.84,10.84
2018-11-13 10:40:00,2199.0,10.88,10.88,10.88,10.88
2018-11-13 10:41:00,1023.0,10.89,10.89,10.89,10.89
2018-11-13 10:43:00,900.0,10.875,10.875,10.875,10.875
2018-11-13 10:45:00,526.0,10.77,10.77,10.77,10.77
2018-11-13 10:50:00,200.0,10.82,10.82,10.82,10.82
2018-11-13 10:51:00,100.0,10.77,10.77,10.77,10.77
2018-11-13 10:52:00,303.0,10.76,10.76,10.76,10.76
2018-11-13 11:00:00,705.0,10.78,10.78,10.78,10.78
2018-11-13 11:04:00,100.0,10.855,10.855,10.855,10.855
2018-11-13 11:06:00,301.0,10.865,10.865,10.865,10.865
2018-11-13 11:10:00,100.0,10.865,10.865,10.865,10.865
2018-11-13 11:12:00,3402.0,10.82,10.8687,10.8687,10.81
2018-11-13 11:15:00,1303.0,10.875,10.875,10.875,10.875
2018-11-13 11:18:00,501.0,10.86,10.86,10.86,10.86
2018-11-13 11:19:00,200.0,10.83,10.83,10.83,10.83
2018-11-13 11:22:00,2900.0,10.846,10.88,10.88,10.846
2018-11-13 11:25:00,100.0,10.84,10.84,10.84,10.84
2018-11-13 11:30:00,700.0,10.88,10.88,10.88,10.88
2018-11-13 11:37:00,500.0,10.84,10.84,10.84,10.84
2018-11-13 11:40:00,833.0,10.778,10.778,10.778,10.778
2018-11-13 11:43:00,821.0,10.77,10.77,10.77,10.77
2018-11-13 11:50:00,582.0,10.825,10.825,10.825,10.825
2018-11-13 11:55:00,608.0,10.79,10.79,10.79,10.79
2018-11-13 11:59:00,600.0,10.77,10.77,10.77,10.77
2018-11-13 12:08:00,100.0,10.76,10.76,10.76,10.76
2018-11-13 12:11:00,601.0,10.7211,10.7211,10.7211,10.7211
2018-11-13 12:13:00,380.0,10.7594,10.7594,10.7594,10.7594
2018-11-13 12:14:00,100.0,10.72,10.72,10.72,10.72
2018-11-13 12:20:00,100.0,10.72,10.72,10.72,10.72
2018-11-13 12:27:00,200.0,10.74,10.74,10.74,10.74
2018-11-13 12:33:00,500.0,10.66,10.66,10.66,10.66
2018-11-13 12:34:00,100.0,10.66,10.66,10.66,10.66
2018-11-13 12:42:00,400.0,10.6,10.6,10.6,10.6
2018-11-13 12:43:00,777.0,10.61,10.61,10.61,10.61
2018-11-13 12:44:00,103.0,10.61,10.61,10.61,10.61
2018-11-13 12:51:00,900.0,10.67,10.67,10.67,10.67
2018-11-13 13:06:00,700.0,10.71,10.71,10.71,10.71
2018-11-13 13:14:00,110.0,10.65,10.65,10.65,10.65
2018-11-13 13:19:00,100.0,10.62,10.62,10.62,10.62
2018-11-13 13:22:00,100.0,10.63,10.63,10.63,10.63
2018-11-13 13:24:00,568.0,10.62,10.62,10.62,10.62
2018-11-13 13:27:00,682.0,10.62,10.62,10.62,10.62
2018-11-13 13:29:00,5675.0,10.6,10.61,10.61,10.6
2018-11-13 13:33:00,250.0,10.65,10.65,10.65,10.65
2018-11-13 13:36:00,400.0,10.6,10.6,10.6,10.6
2018-11-13 13:39:00,400.0,10.64,10.64,10.64,10.64
2018-11-13 13:40:00,1336.0,10.652,10.652,10.652,10.652
2018-11-13 13:46:00,300.0,10.611,10.62,10.62,10.611
2018-11-13 13:50:00,1100.0,10.62,10.62,10.62,10.62
2018-11-13 13:53:00,100.0,10.61,10.61,10.61,10.61
2018-11-13 14:02:00,100.0,10.635,10.635,10.635,10.635
2018-11-13 14:05:00,1050.0,10.69,10.69,10.69,10.69
2018-11-13 14:15:00,100.0,10.675,10.675,10.675,10.675
2018-11-13 14:18:00,100.0,10.65,10.65,10.65,10.65
2018-11-13 14:19:00,820.0,10.62,10.62,10.62,10.62
2018-11-13 14:29:00,400.0,10.62,10.62,10.62,10.62
2018-11-13 14:30:00,1300.0,10.62,10.62,10.62,10.62
2018-11-13 14:32:00,1000.0,10.62,10.62,10.62,10.62
2018-11-13 14:34:00,600.0,10.61,10.61,10.61,10.61
2018-11-13 14:38:00,300.0,10.63,10.63,10.63,10.63
2018-11-13 14:44:00,1500.0,10.6,10.6,10.6,10.6
2018-11-13 14:46:00,100.0,10.6,10.6,10.6,10.6
2018-11-13 14:47:00,7825.0,10.57,10.57,10.57,10.57
2018-11-13 14:48:00,300.0,10.57,10.57,10.57,10.57
2018-11-13 14:49:00,300.0,10.59,10.59,10.59,10.59
2018-11-13 14:54:00,505.0,10.6,10.6,10.6,10.6
2018-11-13 14:56:00,650.0,10.6138,10.6138,10.6138,10.6138
2018-11-13 14:58:00,200.0,10.59,10.59,10.59,10.59
2018-11-13 15:01:00,848.0,10.53,10.53,10.53,10.53
2018-11-13 15:02:00,1900.0,10.5978,10.5978,10.5978,10.5978
2018-11-13 15:07:00,100.0,10.59,10.59,10.59,10.59
2018-11-13 15:10:00,100.0,10.59,10.59,10.59,10.59
2018-11-13 15:18:00,11195.0,10.4709,10.5457,10.5457,10.4709
2018-11-13 15:19:00,4195.0,10.55,10.55,10.47,10.47
2018-11-13 15:25:00,402.0,10.53,10.53,10.53,10.53
2018-11-13 15:29:00,107.0,10.57,10.57,10.57,10.57
2018-11-13 15:31:00,1035.0,10.52,10.52,10.52,10.52
2018-11-13 15:37:00,8180.0,10.4412,10.46,10.4,10.4
2018-11-13 15:39:00,2100.0,10.5,10.5,10.5,10.5
2018-11-13 15:40:00,2009.0,10.518,10.518,10.518,10.518
2018-11-13 15:43:00,200.0,10.49,10.49,10.49,10.49
2018-11-13 15:46:00,730.0,10.51,10.51,10.51,10.51
2018-11-13 15:48:00,100.0,10.5,10.5,10.5,10.5
2018-11-13 15:50:00,437.0,10.54,10.54,10.54,10.54
2018-11-13 15:51:00,893.0,10.52,10.52,10.52,10.52
2018-11-13 15:53:00,319.0,10.49,10.49,10.49,10.49
2018-11-13 15:54:00,401.0,10.49,10.49,10.49,10.49
2018-11-13 15:55:00,901.0,10.48,10.48,10.48,10.48
2018-11-13 15:56:00,1049.0,10.44,10.44,10.44,10.44
2018-11-13 15:57:00,913.0,10.44,10.44,10.44,10.44
2018-11-13 15:58:00,1000.0,10.433,10.433,10.433,10.433
2018-11-13 15:59:00,2435.0,10.45,10.45,10.45,10.45
2018-11-13 16:00:00,1960.0,10.44,10.44,10.44,10.44
2018-11-14 09:31:00,0.0,10.49,10.49,10.49,10.49
2018-11-14 09:37:00,878.0,10.65,10.65,10.65,10.65
2018-11-14 09:42:00,1100.0,10.77,10.77,10.77,10.77
2018-11-14 09:44:00,1037.0,10.735,10.735,10.735,10.735
2018-11-14 09:47:00,904.0,10.71,10.71,10.71,10.71
2018-11-14 09:49:00,3800.0,10.68,10.68,10.68,10.68
2018-11-14 09:50:00,110.0,10.67,10.67,10.67,10.67
2018-11-14 09:53:00,100.0,10.68,10.68,10.68,10.68
2018-11-14 09:54:00,1005.0,10.64,10.64,10.64,10.64
2018-11-14 09:55:00,413.0,10.61,10.61,10.61,10.61
2018-11-14 10:05:00,1275.0,10.46,10.46,10.46,10.46
2018-11-14 10:08:00,2991.0,10.4801,10.4801,10.4801,10.4801
2018-11-14 10:09:00,529.0,10.48,10.48,10.48,10.48
2018-11-14 10:14:00,1000.0,10.48,10.48,10.48,10.48
2018-11-14 10:15:00,3090.0,10.4,10.4,10.4,10.4
2018-11-14 10:26:00,440.0,10.38,10.38,10.38,10.38
2018-11-14 10:29:00,400.0,10.29,10.29,10.29,10.29
2018-11-14 10:31:00,600.0,10.335,10.335,10.335,10.335
2018-11-14 10:32:00,100.0,10.34,10.34,10.34,10.34
2018-11-14 10:33:00,475.0,10.34,10.34,10.34,10.34
2018-11-14 10:36:00,300.0,10.379,10.379,10.379,10.379
2018-11-14 10:41:00,985.0,10.3,10.32,10.32,10.3
2018-11-14 10:44:00,3535.0,10.25,10.25,10.25,10.25
2018-11-14 10:46:00,2212.0,10.25,10.25,10.25,10.25
2018-11-14 10:51:00,960.0,10.315,10.315,10.315,10.315
2018-11-14 10:54:00,200.0,10.35,10.35,10.35,10.35
2018-11-14 10:57:00,100.0,10.31,10.31,10.31,10.31
2018-11-14 11:01:00,519.0,10.28,10.28,10.28,10.28
2018-11-14 11:06:00,250.0,10.2289,10.2289,10.2289,10.2289
2018-11-14 11:13:00,858.0,10.23,10.23,10.23,10.23
2018-11-14 11:18:00,1439.0,10.28,10.28,10.28,10.28
2018-11-14 11:19:00,478.0,10.31,10.31,10.31,10.31
2018-11-14 11:23:00,100.0,10.35,10.35,10.35,10.35
2018-11-14 11:27:00,400.0,10.285,10.285,10.285,10.285
2018-11-14 11:30:00,710.0,10.2401,10.25,10.25,10.2401
2018-11-14 11:32:00,7637.0,10.29,10.29,10.29,10.29
2018-11-14 11:36:00,100.0,10.3,10.3,10.3,10.3
2018-11-14 11:38:00,3767.0,10.325,10.325,10.325,10.325
2018-11-14 11:40:00,200.0,10.35,10.35,10.35,10.35
2018-11-14 11:42:00,500.0,10.325,10.325,10.325,10.325
2018-11-14 11:44:00,200.0,10.34,10.34,10.34,10.34
2018-11-14 11:45:00,200.0,10.37,10.37,10.37,10.37
2018-11-14 11:48:00,500.0,10.42,10.42,10.42,10.42
2018-11-14 11:49:00,210.0,10.41,10.41,10.41,10.41
2018-11-14 11:51:00,420.0,10.37,10.37,10.37,10.37
2018-11-14 11:55:00,200.0,10.375,10.375,10.375,10.375
2018-11-14 12:00:00,100.0,10.36,10.36,10.36,10.36
2018-11-14 12:03:00,100.0,10.36,10.36,10.36,10.36
2018-11-14 12:05:00,100.0,10.36,10.36,10.36,10.36
2018-11-14 12:06:00,435.0,10.34,10.34,10.34,10.34
2018-11-14 12:11:00,3005.0,10.35,10.35,10.35,10.35
2018-11-14 12:12:00,900.0,10.38,10.38,10.38,10.38
2018-11-14 12:18:00,155.0,10.4,10.4,10.4,10.4
2018-11-14 12:20:00,1525.0,10.42,10.42,10.42,10.42
2018-11-14 12:21:00,155.0,10.46,10.46,10.46,10.46
2018-11-14 12:23:00,1082.0,10.44,10.44,10.44,10.44
2018-11-14 12:31:00,325.0,10.44,10.44,10.44,10.44
2018-11-14 12:37:00,268.0,10.39,10.39,10.39,10.39
2018-11-14 12:41:00,341.0,10.34,10.34,10.34,10.34
2018-11-14 12:44:00,339.0,10.34,10.34,10.34,10.34
2018-11-14 12:49:00,230.0,10.29,10.29,10.29,10.29
2018-11-14 12:52:00,200.0,10.32,10.32,10.32,10.32
2018-11-14 12:56:00,305.0,10.3339,10.3339,10.3339,10.3339
2018-11-14 12:57:00,165.0,10.32,10.32,10.32,10.32
2018-11-14 13:00:00,100.0,10.31,10.31,10.31,10.31
2018-11-14 13:06:00,200.0,10.3,10.3,10.2812,10.2812
2018-11-14 13:11:00,105.0,10.3,10.3,10.3,10.3
2018-11-14 13:13:00,310.0,10.23,10.23,10.23,10.23
2018-11-14 13:14:00,100.0,10.23,10.23,10.23,10.23
2018-11-14 13:17:00,2600.0,10.29,10.29,10.29,10.29
2018-11-14 13:20:00,100.0,10.295,10.295,10.295,10.295
2018-11-14 13:23:00,665.0,10.26,10.26,10.26,10.26
2018-11-14 13:27:00,100.0,10.23,10.23,10.23,10.23
2018-11-14 13:31:00,700.0,10.2251,10.2251,10.2251,10.2251
2018-11-14 13:35:00,200.0,10.19,10.19,10.19,10.19
2018-11-14 13:41:00,615.0,10.2,10.2,10.2,10.2
2018-11-14 13:44:00,300.0,10.18,10.18,10.18,10.18
2018-11-14 13:45:00,112.0,10.18,10.18,10.18,10.18
2018-11-14 13:51:00,100.0,10.16,10.16,10.16,10.16
2018-11-14 13:52:00,2766.0,10.19,10.19,10.19,10.19
2018-11-14 13:53:00,410.0,10.18,10.18,10.18,10.18
2018-11-14 13:56:00,1971.0,10.18,10.18,10.18,10.18
2018-11-14 13:57:00,329.0,10.18,10.18,10.18,10.18
2018-11-14 14:02:00,200.0,10.2,10.2,10.2,10.2
2018-11-14 14:05:00,629.0,10.19,10.19,10.19,10.19
2018-11-14 14:10:00,100.0,10.25,10.25,10.25,10.25
2018-11-14 14:12:00,540.0,10.185,10.2,10.2,10.185
2018-11-14 14:16:00,100.0,10.21,10.21,10.21,10.21
2018-11-14 14:17:00,900.0,10.24,10.24,10.24,10.24
2018-11-14 14:18:00,453.0,10.24,10.24,10.24,10.24
2018-11-14 14:21:00,721.0,10.17,10.17,10.17,10.17
2018-11-14 14:30:00,501.0,10.16,10.16,10.16,10.16
2018-11-14 14:31:00,240.0,10.11,10.11,10.11,10.11
2018-11-14 14:32:00,990.0,10.13,10.13,10.13,10.13
2018-11-14 14:33:00,310.0,10.14,10.14,10.14,10.14
2018-11-14 14:35:00,100.0,10.13,10.13,10.13,10.13
2018-11-14 14:37:00,400.0,10.21,10.21,10.21,10.21
2018-11-14 14:42:00,100.0,10.23,10.23,10.23,10.23
2018-11-14 14:48:00,465.0,10.17,10.17,10.17,10.17
2018-11-14 14:52:00,1800.0,10.2549,10.26,10.26,10.2549
2018-11-14 14:56:00,400.0,10.33,10.33,10.33,10.33
2018-11-14 15:00:00,605.0,10.34,10.34,10.34,10.34
2018-11-14 15:04:00,200.0,10.33,10.33,10.33,10.33
2018-11-14 15:05:00,2000.0,10.345,10.345,10.345,10.345
2018-11-14 15:06:00,1792.0,10.46,10.46,10.46,10.46
2018-11-14 15:09:00,100.0,10.435,10.435,10.435,10.435
2018-11-14 15:12:00,210.0,10.46,10.46,10.46,10.46
2018-11-14 15:14:00,100.0,10.46,10.46,10.46,10.46
2018-11-14 15:20:00,1239.0,10.45,10.45,10.45,10.45
2018-11-14 15:24:00,100.0,10.41,10.41,10.41,10.41
2018-11-14 15:26:00,182.0,10.41,10.41,10.41,10.41
2018-11-14 15:27:00,2086.0,10.42,10.42,10.42,10.42
2018-11-14 15:29:00,1787.0,10.37,10.37,10.37,10.37
2018-11-14 15:34:00,665.0,10.34,10.34,10.34,10.34
2018-11-14 15:37:00,400.0,10.33,10.33,10.33,10.33
2018-11-14 15:40:00,100.0,10.37,10.37,10.37,10.37
2018-11-14 15:42:00,100.0,10.33,10.33,10.33,10.33
2018-11-14 15:43:00,204.0,10.33,10.33,10.33,10.33
2018-11-14 15:45:00,165.0,10.33,10.33,10.33,10.33
2018-11-14 15:46:00,970.0,10.3,10.3,10.3,10.3
2018-11-14 15:48:00,300.0,10.34,10.34,10.34,10.34
2018-11-14 15:50:00,946.0,10.325,10.325,10.325,10.325
2018-11-14 15:52:00,105.0,10.3,10.3,10.3,10.3
2018-11-14 15:55:00,200.0,10.3,10.3,10.3,10.3
2018-11-14 15:57:00,2224.0,10.35,10.35,10.31,10.31
2018-11-14 16:00:00,2323.0,10.29,10.29,10.29,10.29
2018-11-15 09:31:00,0.0,10.49,10.49,10.49,10.49
2018-11-15 09:34:00,3100.0,10.29,10.29,10.29,10.29
2018-11-15 09:36:00,1217.0,10.555,10.555,10.54,10.54
2018-11-15 09:47:00,857.0,10.66,10.66,10.66,10.66
2018-11-15 09:50:00,853.0,10.8077,10.8077,10.8077,10.8077
2018-11-15 09:53:00,3177.0,10.59,10.59,10.59,10.59
2018-11-15 09:55:00,967.0,10.55,10.55,10.55,10.55
2018-11-15 10:00:00,2889.0,10.54,10.54,10.54,10.54
2018-11-15 10:09:00,279.0,10.4415,10.4415,10.4415,10.4415
2018-11-15 10:13:00,425.0,10.45,10.45,10.45,10.45
2018-11-15 10:19:00,211.0,10.46,10.46,10.46,10.46
2018-11-15 10:29:00,310.0,10.48,10.48,10.48,10.48
2018-11-15 10:38:00,900.0,10.36,10.37,10.37,10.36
2018-11-15 10:42:00,300.0,10.45,10.45,10.45,10.45
2018-11-15 10:46:00,100.0,10.4,10.4,10.4,10.4
2018-11-15 10:50:00,101.0,10.46,10.46,10.46,10.46
2018-11-15 11:05:00,100.0,10.41,10.41,10.41,10.41
2018-11-15 11:09:00,1820.0,10.48,10.48,10.48,10.48
2018-11-15 11:14:00,501.0,10.49,10.49,10.49,10.49
2018-11-15 11:22:00,931.0,10.575,10.575,10.575,10.575
2018-11-15 11:23:00,1525.0,10.6,10.6,10.6,10.6
2018-11-15 11:29:00,320.0,10.52,10.52,10.52,10.52
2018-11-15 11:32:00,100.0,10.53,10.53,10.53,10.53
2018-11-15 11:38:00,3026.0,10.59,10.59,10.58,10.58
2018-11-15 11:48:00,200.0,10.61,10.61,10.61,10.61
2018-11-15 11:55:00,120.0,10.65,10.65,10.65,10.65
2018-11-15 11:56:00,200.0,10.63,10.63,10.63,10.63
2018-11-15 11:59:00,100.0,10.66,10.66,10.66,10.66
2018-11-15 12:06:00,137.0,10.66,10.66,10.66,10.66
2018-11-15 12:12:00,405.0,10.59,10.59,10.59,10.59
2018-11-15 12:16:00,282.0,10.56,10.56,10.56,10.56
2018-11-15 12:23:00,100.0,10.58,10.58,10.58,10.58
2018-11-15 12:26:00,160.0,10.615,10.615,10.615,10.615
2018-11-15 12:32:00,733.0,10.64,10.64,10.64,10.64
2018-11-15 12:40:00,103.0,10.65,10.65,10.65,10.65
2018-11-15 12:47:00,134.0,10.61,10.61,10.61,10.61
2018-11-15 12:49:00,1817.0,10.59,10.59,10.59,10.59
2018-11-15 13:02:00,100.0,10.56,10.56,10.56,10.56
2018-11-15 13:03:00,100.0,10.55,10.55,10.55,10.55
2018-11-15 13:08:00,219.0,10.51,10.51,10.51,10.51
2018-11-15 13:18:00,601.0,10.59,10.59,10.59,10.59
2018-11-15 13:24:00,4955.0,10.69,10.69,10.5903,10.5903
2018-11-15 13:26:00,1378.0,10.75,10.75,10.75,10.75
2018-11-15 13:28:00,477.0,10.75,10.75,10.75,10.75
2018-11-15 13:34:00,291.0,10.71,10.71,10.71,10.71
2018-11-15 13:43:00,272.0,10.69,10.69,10.69,10.69
2018-11-15 13:45:00,427.0,10.71,10.71,10.71,10.71
2018-11-15 13:57:00,505.0,10.75,10.75,10.74,10.74
2018-11-15 14:00:00,300.0,10.73,10.73,10.73,10.73
2018-11-15 14:02:00,1052.0,10.73,10.73,10.69,10.69
2018-11-15 14:05:00,100.0,10.69,10.69,10.69,10.69
2018-11-15 14:07:00,1600.0,10.7168,10.7168,10.7168,10.7168
2018-11-15 14:09:00,1100.0,10.73,10.73,10.73,10.73
2018-11-15 14:10:00,4662.0,10.83,10.83,10.83,10.83
2018-11-15 14:13:00,1102.0,10.7407,10.7407,10.7407,10.7407
2018-11-15 14:17:00,210.0,10.81,10.81,10.81,10.81
2018-11-15 14:23:00,200.0,10.77,10.77,10.77,10.77
2018-11-15 14:25:00,111.0,10.785,10.785,10.785,10.785
2018-11-15 14:29:00,242.0,10.8,10.8,10.8,10.8
2018-11-15 14:31:00,123.0,10.78,10.78,10.78,10.78
2018-11-15 14:36:00,200.0,10.78,10.78,10.78,10.78
2018-11-15 14:38:00,1014.0,10.79,10.79,10.79,10.79
2018-11-15 14:44:00,603.0,10.83,10.83,10.83,10.83
2018-11-15 14:48:00,1000.0,10.85,10.85,10.85,10.85
2018-11-15 14:50:00,947.0,10.91,10.91,10.91,10.91
2018-11-15 14:52:00,436.0,10.85,10.85,10.85,10.85
2018-11-15 15:02:00,460.0,10.86,10.86,10.86,10.86
2018-11-15 15:03:00,301.0,10.86,10.86,10.86,10.86
2018-11-15 15:08:00,701.0,10.85,10.85,10.85,10.85
2018-11-15 15:09:00,453.0,10.84,10.84,10.84,10.84
2018-11-15 15:11:00,1250.0,10.83,10.83,10.83,10.83
2018-11-15 15:13:00,740.0,10.76,10.76,10.76,10.76
2018-11-15 15:14:00,714.0,10.76,10.76,10.76,10.76
2018-11-15 15:16:00,251.0,10.76,10.76,10.76,10.76
2018-11-15 15:17:00,1610.0,10.78,10.78,10.78,10.78
2018-11-15 15:21:00,661.0,10.7,10.7,10.7,10.7
2018-11-15 15:25:00,551.0,10.68,10.68,10.68,10.68
2018-11-15 15:30:00,5378.0,10.66,10.66,10.621,10.621
2018-11-15 15:35:00,1018.0,10.67,10.68,10.68,10.67
2018-11-15 15:39:00,401.0,10.71,10.71,10.71,10.71
2018-11-15 15:44:00,2500.0,10.71,10.71,10.71,10.71
2018-11-15 15:47:00,285.0,10.66,10.66,10.66,10.66
2018-11-15 15:51:00,200.0,10.67,10.67,10.67,10.67
2018-11-15 15:52:00,546.0,10.7,10.7,10.7,10.7
2018-11-15 15:54:00,729.0,10.7,10.7,10.7,10.7
2018-11-15 15:56:00,869.0,10.76,10.76,10.76,10.76
2018-11-15 15:58:00,465.0,10.72,10.72,10.72,10.72
2018-11-15 15:59:00,4556.0,10.71,10.71,10.71,10.71
2018-11-15 16:00:00,2309.0,10.71,10.71,10.71,10.71
2018-11-16 09:31:00,0.0,10.645,10.645,10.645,10.645
2018-11-16 09:35:00,3349.0,10.34,10.34,10.34,10.34
2018-11-16 09:46:00,285.0,10.56,10.56,10.56,10.56
2018-11-16 09:47:00,400.0,10.7755,10.7755,10.7755,10.7755
2018-11-16 09:50:00,300.0,10.84,10.84,10.84,10.84
2018-11-16 09:51:00,880.0,10.85,10.85,10.85,10.85
2018-11-16 09:53:00,1509.0,10.81,10.81,10.81,10.81
2018-11-16 09:56:00,1600.0,10.785,10.785,10.785,10.785
2018-11-16 10:00:00,3746.0,10.86,10.9,10.9,10.86
2018-11-16 10:05:00,288.0,10.85,10.85,10.85,10.85
2018-11-16 10:06:00,100.0,10.85,10.85,10.85,10.85
2018-11-16 10:07:00,150.0,10.81,10.81,10.81,10.81
2018-11-16 10:11:00,439.0,10.79,10.79,10.79,10.79
2018-11-16 10:17:00,1335.0,10.78,10.78,10.78,10.78
2018-11-16 10:20:00,60407.0,10.98,11.0707,10.8259,10.8259
2018-11-16 10:21:00,5617.0,11.095,11.095,11.095,11.095
2018-11-16 10:22:00,11563.0,11.0596,11.0596,10.9652,10.9652
2018-11-16 10:23:00,4192.0,11.05,11.05,11.05,11.05
2018-11-16 10:24:00,5000.0,11.07,11.07,11.07,11.07
2018-11-16 10:25:00,7729.0,11.015,11.04,11.04,11.01
2018-11-16 10:28:00,2200.0,11.1,11.1,11.1,11.1
2018-11-16 10:30:00,4455.0,11.16,11.16,11.071,11.071
2018-11-16 10:33:00,940.0,11.0839,11.0839,11.0839,11.0839
2018-11-16 10:35:00,542.0,11.0853,11.0853,11.0853,11.0853
2018-11-16 10:37:00,1605.0,11.0646,11.0646,11.0646,11.0646
2018-11-16 10:40:00,800.0,11.05,11.05,11.05,11.05
2018-11-16 10:44:00,1101.0,11.0477,11.0477,11.0477,11.0477
2018-11-16 10:46:00,300.0,11.04,11.06,11.06,11.04
2018-11-16 10:48:00,1400.0,11.04,11.04,11.04,11.04
2018-11-16 10:51:00,350.0,11.011,11.011,11.011,11.011
2018-11-16 10:53:00,1630.0,11.03,11.03,11.03,11.03
2018-11-16 10:56:00,3493.0,11.01,11.01,11.01,11.01
2018-11-16 10:59:00,4088.0,10.991,10.991,10.991,10.991
2018-11-16 11:01:00,350.0,10.96,10.96,10.96,10.96
2018-11-16 11:06:00,895.0,10.94,10.94,10.94,10.94
2018-11-16 11:09:00,100.0,10.965,10.965,10.965,10.965
2018-11-16 11:10:00,800.0,10.95,10.95,10.95,10.95
2018-11-16 11:12:00,4356.0,10.91,10.91,10.91,10.91
2018-11-16 11:14:00,11210.0,10.85,10.87,10.87,10.85
2018-11-16 11:15:00,4231.0,10.8,10.8,10.8,10.8
2018-11-16 11:17:00,2424.0,10.8157,10.8157,10.8157,10.8157
2018-11-16 11:18:00,3025.0,10.845,10.845,10.845,10.845
2018-11-16 11:21:00,1870.0,10.825,10.825,10.825,10.825
2018-11-16 11:25:00,900.0,10.825,10.825,10.825,10.825
2018-11-16 11:26:00,1811.0,10.84,10.84,10.84,10.84
2018-11-16 11:27:00,975.0,10.84,10.84,10.84,10.84
2018-11-16 11:30:00,130.0,10.88,10.88,10.88,10.88
2018-11-16 11:33:00,430.0,10.87,10.87,10.87,10.87
2018-11-16 11:34:00,1791.0,10.82,10.82,10.82,10.82
2018-11-16 11:35:00,735.0,10.82,10.82,10.82,10.82
2018-11-16 11:37:00,230.0,10.81,10.81,10.81,10.81
2018-11-16 11:40:00,910.0,10.85,10.85,10.85,10.85
2018-11-16 11:42:00,1550.0,10.87,10.87,10.865,10.865
2018-11-16 11:44:00,1933.0,10.92,10.93,10.93,10.92
2018-11-16 11:47:00,500.0,10.93,10.93,10.93,10.93
2018-11-16 11:49:00,451.0,10.9,10.9,10.9,10.9
2018-11-16 11:52:00,540.0,10.91,10.91,10.91,10.91
2018-11-16 11:54:00,863.0,10.86,10.86,10.86,10.86
2018-11-16 11:56:00,417.0,10.86,10.86,10.86,10.86
2018-11-16 12:00:00,1217.0,10.88,10.88,10.88,10.88
2018-11-16 12:05:00,100.0,10.9,10.9,10.9,10.9
2018-11-16 12:07:00,200.0,10.91,10.91,10.86,10.86
2018-11-16 12:09:00,205.0,10.91,10.91,10.91,10.91
2018-11-16 12:12:00,100.0,10.97,10.97,10.97,10.97
2018-11-16 12:15:00,100.0,10.98,10.98,10.98,10.98
2018-11-16 12:17:00,200.0,10.965,10.965,10.965,10.965
2018-11-16 12:19:00,792.0,10.96,10.96,10.94,10.94
2018-11-16 12:22:00,100.0,10.98,10.98,10.98,10.98
2018-11-16 12:25:00,600.0,10.96,10.96,10.96,10.96
2018-11-16 12:28:00,1611.0,10.95,10.95,10.95,10.95
2018-11-16 12:30:00,354.0,10.965,10.965,10.965,10.965
2018-11-16 12:36:00,3105.0,11.065,11.065,11.065,11.065
2018-11-16 12:37:00,791.0,11.01,11.01,11.01,11.01
2018-11-16 12:38:00,1897.0,10.98,11.0,11.0,10.98
2018-11-16 12:42:00,1458.0,11.02,11.02,11.02,11.02
2018-11-16 12:45:00,100.0,10.96,10.96,10.96,10.96
2018-11-16 12:48:00,806.0,11.02,11.02,11.02,11.02
2018-11-16 12:49:00,650.0,11.02,11.02,11.02,11.02
2018-11-16 12:50:00,400.0,11.0,11.0,11.0,11.0
2018-11-16 12:52:00,801.0,11.0,11.0,11.0,11.0
2018-11-16 12:53:00,100.0,10.99,10.99,10.99,10.99
2018-11-16 12:58:00,600.0,10.99,10.99,10.99,10.99
2018-11-16 13:00:00,100.0,10.94,10.94,10.94,10.94
2018-11-16 13:02:00,1636.0,11.005,11.005,11.005,11.005
2018-11-16 13:07:00,451.0,10.95,10.965,10.965,10.95
2018-11-16 13:09:00,1500.0,10.92,10.92,10.92,10.92
2018-11-16 13:15:00,200.0,10.8801,10.8801,10.8801,10.8801
2018-11-16 13:20:00,1205.0,10.96,10.96,10.96,10.96
2018-11-16 13:22:00,200.0,10.96,10.96,10.96,10.96
2018-11-16 13:24:00,836.0,10.9285,10.9285,10.9285,10.9285
2018-11-16 13:26:00,600.0,10.8801,10.8801,10.8801,10.8801
2018-11-16 13:32:00,787.0,10.85,10.85,10.85,10.85
2018-11-16 13:33:00,1705.0,10.88,10.88,10.88,10.88
2018-11-16 13:36:00,855.0,10.86,10.86,10.86,10.86
2018-11-16 13:40:00,442.0,10.88,10.88,10.87,10.87
2018-11-16 13:44:00,938.0,10.88,10.88,10.88,10.88
2018-11-16 13:45:00,588.0,10.87,10.87,10.87,10.87
2018-11-16 13:46:00,2400.0,10.88,10.88,10.88,10.88
2018-11-16 13:51:00,100.0,10.9,10.9,10.9,10.9
2018-11-16 13:52:00,900.0,10.91,10.91,10.91,10.91
2018-11-16 13:53:00,200.0,10.935,10.935,10.935,10.935
2018-11-16 13:57:00,240.0,10.88,10.88,10.88,10.88
2018-11-16 13:58:00,100.0,10.87,10.87,10.87,10.87
2018-11-16 14:01:00,100.0,10.91,10.91,10.91,10.91
2018-11-16 14:03:00,320.0,10.87,10.87,10.87,10.87
2018-11-16 14:08:00,1105.0,10.93,10.93,10.915,10.915
2018-11-16 14:11:00,741.0,10.96,10.96,10.96,10.96
2018-11-16 14:13:00,200.0,10.99,10.99,10.99,10.99
2018-11-16 14:15:00,940.0,11.01,11.01,11.01,11.01
2018-11-16 14:20:00,2182.0,11.0,11.0,11.0,11.0
2018-11-16 14:25:00,1153.0,10.9615,10.9615,10.9615,10.9615
2018-11-16 14:30:00,1497.0,10.987,10.987,10.987,10.987
2018-11-16 14:32:00,200.0,11.0,11.0,11.0,11.0
2018-11-16 14:35:00,3182.0,10.95,10.95,10.95,10.95
2018-11-16 14:41:00,163.0,10.96,10.96,10.96,10.96
2018-11-16 14:47:00,745.0,10.98,10.98,10.98,10.98
2018-11-16 14:48:00,200.0,10.98,10.98,10.98,10.98
2018-11-16 14:51:00,900.0,11.0,11.0,11.0,11.0
2018-11-16 14:53:00,920.0,11.0,11.01,11.01,11.0
2018-11-16 14:56:00,1785.0,11.01,11.01,11.01,11.01
2018-11-16 14:58:00,762.0,11.0,11.0,11.0,11.0
2018-11-16 15:01:00,1040.0,11.01,11.01,11.01,11.01
2018-11-16 15:02:00,362.0,10.9501,10.9501,10.9501,10.9501
2018-11-16 15:07:00,349.0,10.99,10.99,10.99,10.99
2018-11-16 15:09:00,1047.0,11.0,11.0,11.0,11.0
2018-11-16 15:10:00,140.0,11.0,11.0,11.0,11.0
2018-11-16 15:14:00,300.0,11.0,11.0,11.0,11.0
2018-11-16 15:16:00,125.0,11.0,11.0,11.0,11.0
2018-11-16 15:18:00,753.0,11.01,11.01,11.01,11.01
2018-11-16 15:20:00,1533.0,11.01,11.01,11.01,11.01
2018-11-16 15:21:00,1325.0,10.9783,10.9783,10.9783,10.9783
2018-11-16 15:24:00,720.0,10.97,10.97,10.97,10.97
2018-11-16 15:25:00,573.0,10.97,10.97,10.97,10.97
2018-11-16 15:30:00,318.0,10.99,10.99,10.99,10.99
2018-11-16 15:31:00,611.0,10.98,10.98,10.98,10.98
2018-11-16 15:33:00,140.0,10.97,10.97,10.97,10.97
2018-11-16 15:35:00,2029.0,11.0,11.0,11.0,11.0
2018-11-16 15:38:00,540.0,11.0,11.0,11.0,11.0
2018-11-16 15:41:00,1105.0,11.0,11.0,11.0,11.0
2018-11-16 15:42:00,640.0,11.01,11.01,11.01,11.01
2018-11-16 15:43:00,476.0,11.0,11.0,11.0,11.0
2018-11-16 15:46:00,306.0,11.0,11.0,11.0,11.0
2018-11-16 15:48:00,2370.0,10.96,10.96,10.96,10.96
2018-11-16 15:49:00,265.0,10.96,10.96,10.96,10.96
2018-11-16 15:52:00,1082.0,10.98,10.98,10.98,10.98
2018-11-16 15:53:00,1204.0,10.93,10.93,10.93,10.93
2018-11-16 15:56:00,940.0,10.96,10.96,10.96,10.96
2018-11-16 15:57:00,2146.0,10.94,10.94,10.94,10.94
2018-11-16 15:58:00,968.0,10.99,10.99,10.99,10.99
2018-11-16 15:59:00,200.0,10.99,10.99,10.99,10.99
2018-11-16 16:00:00,218.0,10.99,10.99,10.99,10.99
2018-11-19 09:31:00,0.0,10.88,10.88,10.88,10.88
2018-11-19 09:33:00,205.0,10.86,10.86,10.86,10.86
2018-11-19 09:36:00,101.0,10.9,10.9,10.9,10.9
2018-11-19 09:43:00,1600.0,10.95,10.95,10.95,10.95
2018-11-19 09:47:00,1102.0,11.175,11.175,11.175,11.175
2018-11-19 09:52:00,2023.0,11.04,11.04,11.04,11.04
2018-11-19 09:53:00,1716.0,10.95,10.95,10.95,10.95
2018-11-19 09:58:00,2596.0,10.925,10.925,10.925,10.925
2018-11-19 09:59:00,1005.0,10.9,10.9,10.9,10.9
2018-11-19 10:07:00,1473.0,10.78,10.78,10.78,10.78
2018-11-19 10:08:00,2335.0,10.79,10.79,10.79,10.79
2018-11-19 10:10:00,2003.0,10.79,10.79,10.79,10.79
2018-11-19 10:11:00,900.0,10.69,10.69,10.69,10.69
2018-11-19 10:14:00,150.0,10.78,10.78,10.78,10.78
2018-11-19 10:21:00,100.0,10.82,10.82,10.82,10.82
2018-11-19 10:24:00,2100.0,10.65,10.65,10.65,10.65
2018-11-19 10:27:00,1869.0,10.61,10.61,10.61,10.61
2018-11-19 10:29:00,900.0,10.64,10.64,10.64,10.64
2018-11-19 10:30:00,469.0,10.65,10.65,10.65,10.65
2018-11-19 10:31:00,400.0,10.55,10.55,10.55,10.55
2018-11-19 10:32:00,600.0,10.62,10.62,10.62,10.62
2018-11-19 10:34:00,850.0,10.59,10.59,10.59,10.59
2018-11-19 10:38:00,400.0,10.61,10.61,10.61,10.61
2018-11-19 10:39:00,100.0,10.61,10.61,10.61,10.61
2018-11-19 10:43:00,300.0,10.61,10.61,10.6,10.6
2018-11-19 10:45:00,929.0,10.6,10.6,10.6,10.6
2018-11-19 10:50:00,100.0,10.65,10.65,10.65,10.65
2018-11-19 10:51:00,5289.0,10.78,10.78,10.78,10.78
2018-11-19 10:54:00,600.0,10.808,10.808,10.808,10.808
2018-11-19 10:59:00,800.0,10.81,10.81,10.81,10.81
2018-11-19 11:01:00,1081.0,10.85,10.85,10.85,10.85
2018-11-19 11:05:00,3261.0,10.88,10.88,10.88,10.88
2018-11-19 11:07:00,4218.0,10.86,10.86,10.86,10.86
2018-11-19 11:09:00,1756.0,10.79,10.79,10.79,10.79
2018-11-19 11:20:00,1317.0,10.65,10.65,10.65,10.65
2018-11-19 11:25:00,443.0,10.7,10.7,10.7,10.7
2018-11-19 11:27:00,780.0,10.61,10.67,10.67,10.61
2018-11-19 11:30:00,250.0,10.67,10.67,10.67,10.67
2018-11-19 11:34:00,1800.0,10.54,10.54,10.54,10.54
2018-11-19 11:39:00,300.0,10.6,10.6,10.6,10.6
2018-11-19 11:44:00,1628.0,10.58,10.58,10.58,10.58
2018-11-19 11:46:00,600.0,10.5,10.5,10.5,10.5
2018-11-19 11:47:00,200.0,10.51,10.51,10.51,10.51
2018-11-19 11:48:00,200.0,10.5,10.5,10.5,10.5
2018-11-19 11:51:00,600.0,10.45,10.45,10.45,10.45
2018-11-19 11:53:00,791.0,10.46,10.46,10.46,10.46
2018-11-19 11:54:00,2900.0,10.42,10.42,10.42,10.42
2018-11-19 11:55:00,237.0,10.35,10.35,10.35,10.35
2018-11-19 11:58:00,440.0,10.44,10.44,10.44,10.44
2018-11-19 12:01:00,600.0,10.44,10.44,10.44,10.44
2018-11-19 12:07:00,1440.0,10.4502,10.4502,10.44,10.44
2018-11-19 12:12:00,1219.0,10.42,10.42,10.42,10.42
2018-11-19 12:14:00,600.0,10.4235,10.4235,10.4235,10.4235
2018-11-19 12:17:00,1300.0,10.4142,10.4142,10.4142,10.4142
2018-11-19 12:21:00,1889.0,10.4543,10.4543,10.4543,10.4543
2018-11-19 12:25:00,2432.0,10.4564,10.47,10.47,10.4564
2018-11-19 12:27:00,100.0,10.43,10.43,10.43,10.43
2018-11-19 12:30:00,1300.0,10.61,10.61,10.61,10.61
2018-11-19 12:34:00,450.0,10.5143,10.5143,10.5143,10.5143
2018-11-19 12:38:00,101.0,10.51,10.51,10.51,10.51
2018-11-19 12:41:00,213.0,10.64,10.64,10.64,10.64
2018-11-19 12:43:00,1111.0,10.6,10.6,10.6,10.6
2018-11-19 12:44:00,456.0,10.57,10.57,10.57,10.57
2018-11-19 12:48:00,350.0,10.45,10.45,10.45,10.45
2018-11-19 12:49:00,150.0,10.525,10.525,10.525,10.525
2018-11-19 12:53:00,300.0,10.52,10.52,10.52,10.52
2018-11-19 12:56:00,102.0,10.5,10.5,10.5,10.5
2018-11-19 13:00:00,341.0,10.52,10.52,10.52,10.52
2018-11-19 13:08:00,461.0,10.53,10.53,10.53,10.53
2018-11-19 13:10:00,597.0,10.38,10.38,10.38,10.38
2018-11-19 13:12:00,331.0,10.42,10.42,10.42,10.42
2018-11-19 13:15:00,2894.0,10.43,10.445,10.445,10.43
2018-11-19 13:16:00,448.0,10.43,10.43,10.43,10.43
2018-11-19 13:18:00,256.0,10.39,10.39,10.39,10.39
2018-11-19 13:24:00,532.0,10.42,10.42,10.42,10.42
2018-11-19 13:32:00,285.0,10.37,10.37,10.37,10.37
2018-11-19 13:37:00,602.0,10.37,10.37,10.37,10.37
2018-11-19 13:48:00,288.0,10.45,10.45,10.45,10.45
2018-11-19 13:51:00,1192.0,10.4,10.42,10.42,10.4
2018-11-19 13:52:00,1041.0,10.365,10.365,10.365,10.365
2018-11-19 13:54:00,481.0,10.38,10.38,10.38,10.38
2018-11-19 13:59:00,100.0,10.4,10.4,10.4,10.4
2018-11-19 14:00:00,974.0,10.38,10.38,10.38,10.38
2018-11-19 14:03:00,640.0,10.39,10.43,10.43,10.39
2018-11-19 14:07:00,270.0,10.38,10.38,10.38,10.38
2018-11-19 14:10:00,221.0,10.39,10.39,10.39,10.39
2018-11-19 14:19:00,830.0,10.43,10.43,10.43,10.43
2018-11-19 14:24:00,241.0,10.43,10.43,10.43,10.43
2018-11-19 14:26:00,193.0,10.43,10.43,10.43,10.43
2018-11-19 14:32:00,430.0,10.44,10.44,10.44,10.44
2018-11-19 14:41:00,401.0,10.44,10.44,10.44,10.44
2018-11-19 14:42:00,5572.0,10.52,10.52,10.52,10.52
2018-11-19 14:44:00,400.0,10.58,10.58,10.58,10.58
2018-11-19 14:46:00,3176.0,10.58,10.58,10.58,10.58
2018-11-19 14:48:00,1439.0,10.575,10.575,10.575,10.575
2018-11-19 14:52:00,1303.0,10.5,10.5,10.5,10.5
2018-11-19 14:54:00,600.0,10.58,10.58,10.58,10.58
2018-11-19 14:55:00,124.0,10.58,10.58,10.58,10.58
2018-11-19 14:59:00,360.0,10.56,10.56,10.56,10.56
2018-11-19 15:07:00,100.0,10.56,10.56,10.56,10.56
2018-11-19 15:08:00,644.0,10.545,10.545,10.545,10.545
2018-11-19 15:11:00,458.0,10.57,10.57,10.57,10.57
2018-11-19 15:13:00,598.0,10.61,10.61,10.61,10.61
2018-11-19 15:18:00,538.0,10.59,10.59,10.59,10.59
2018-11-19 15:19:00,440.0,10.62,10.62,10.62,10.62
2018-11-19 15:21:00,2934.0,10.63,10.63,10.63,10.63
2018-11-19 15:23:00,533.0,10.6,10.6,10.6,10.6
2018-11-19 15:26:00,605.0,10.55,10.55,10.55,10.55
2018-11-19 15:27:00,616.0,10.55,10.55,10.55,10.55
2018-11-19 15:30:00,281.0,10.59,10.59,10.59,10.59
2018-11-19 15:31:00,120.0,10.59,10.59,10.59,10.59
2018-11-19 15:33:00,445.0,10.53,10.53,10.53,10.53
2018-11-19 15:34:00,739.0,10.57,10.57,10.57,10.57
2018-11-19 15:36:00,400.0,10.55,10.55,10.55,10.55
2018-11-19 15:41:00,237.0,10.55,10.55,10.55,10.55
2018-11-19 15:44:00,512.0,10.52,10.52,10.52,10.52
2018-11-19 15:47:00,200.0,10.54,10.54,10.54,10.54
2018-11-19 15:48:00,554.0,10.54,10.54,10.54,10.54
2018-11-19 15:51:00,200.0,10.54,10.54,10.54,10.54
2018-11-19 15:52:00,453.0,10.54,10.54,10.54,10.54
2018-11-19 15:53:00,731.0,10.525,10.525,10.525,10.525
2018-11-19 15:54:00,1059.0,10.52,10.52,10.52,10.52
2018-11-19 15:57:00,2992.0,10.52,10.5599,10.5599,10.52
2018-11-19 16:00:00,6268.0,10.53,10.568,10.568,10.53
2018-11-20 09:31:00,0.0,10.36,10.36,10.36,10.36
2018-11-20 09:35:00,1976.0,10.02,10.02,10.02,10.02
2018-11-20 09:37:00,837.0,10.31,10.31,10.31,10.31
2018-11-20 09:44:00,306.0,10.42,10.42,10.42,10.42
2018-11-20 09:47:00,1410.0,10.4293,10.4293,10.4293,10.4293
2018-11-20 09:49:00,475.0,10.38,10.38,10.38,10.38
2018-11-20 09:50:00,1592.0,10.29,10.29,10.29,10.29
2018-11-20 09:51:00,2426.0,10.32,10.32,10.32,10.32
2018-11-20 09:54:00,900.0,10.3,10.3,10.3,10.3
2018-11-20 09:56:00,317.0,10.32,10.32,10.32,10.32
2018-11-20 09:57:00,700.0,10.3,10.3,10.3,10.3
2018-11-20 10:01:00,355.0,10.3,10.3,10.3,10.3
2018-11-20 10:02:00,1926.0,10.34,10.34,10.34,10.34
2018-11-20 10:04:00,1000.0,10.4128,10.4128,10.4128,10.4128
2018-11-20 10:08:00,2097.0,10.24,10.24,10.15,10.15
2018-11-20 10:11:00,205.0,10.26,10.26,10.26,10.26
2018-11-20 10:12:00,215.0,10.21,10.21,10.21,10.21
2018-11-20 10:17:00,543.0,10.25,10.25,10.25,10.25
2018-11-20 10:22:00,800.0,10.33,10.33,10.33,10.33
2018-11-20 10:23:00,560.0,10.34,10.34,10.34,10.34
2018-11-20 10:29:00,402.0,10.54,10.54,10.54,10.54
2018-11-20 10:31:00,1577.0,10.42,10.48,10.48,10.42
2018-11-20 10:33:00,505.0,10.52,10.52,10.49,10.49
2018-11-20 10:40:00,244.0,10.54,10.54,10.54,10.54
2018-11-20 10:44:00,365.0,10.53,10.53,10.53,10.53
2018-11-20 10:48:00,1206.0,10.5211,10.5211,10.5211,10.5211
2018-11-20 10:52:00,45403.0,10.8499,10.8499,10.8499,10.8499
2018-11-20 10:58:00,18267.0,10.9144,10.9144,10.9144,10.9144
2018-11-20 11:01:00,982.0,10.9413,10.9413,10.9413,10.9413
2018-11-20 11:03:00,710.0,10.87,10.87,10.87,10.87
2018-11-20 11:05:00,200.0,10.8999,10.8999,10.8999,10.8999
2018-11-20 11:07:00,200.0,10.9,10.9,10.9,10.9
2018-11-20 11:10:00,8130.0,11.01,11.01,11.01,11.01
2018-11-20 11:21:00,100.0,10.9,10.9,10.9,10.9
2018-11-20 11:23:00,3520.0,10.8407,10.8407,10.8407,10.8407
2018-11-20 11:31:00,1005.0,10.77,10.77,10.77,10.77
2018-11-20 11:32:00,1946.0,10.83,10.83,10.83,10.83
2018-11-20 11:36:00,1095.0,10.88,10.88,10.88,10.88
2018-11-20 11:43:00,500.0,10.9857,10.9857,10.9857,10.9857
2018-11-20 11:45:00,350.0,11.0,11.0,11.0,11.0
2018-11-20 11:47:00,600.0,11.06,11.06,11.06,11.06
2018-11-20 11:50:00,2094.0,11.04,11.04,11.0,11.0
2018-11-20 11:52:00,2086.0,11.0236,11.0236,11.0236,11.0236
2018-11-20 11:54:00,2005.0,10.99,10.99,10.99,10.99
2018-11-20 11:57:00,688.0,11.04,11.04,11.04,11.04
2018-11-20 12:00:00,1100.0,11.05,11.05,11.05,11.05
2018-11-20 12:03:00,1844.0,11.1,11.1,11.1,11.1
2018-11-20 12:04:00,1493.0,11.1218,11.1218,11.1218,11.1218
2018-11-20 12:06:00,600.0,11.14,11.14,11.14,11.14
2018-11-20 12:07:00,500.0,11.1,11.1,11.1,11.1
2018-11-20 12:09:00,300.0,11.09,11.09,11.09,11.09
2018-11-20 12:12:00,421.0,11.07,11.07,11.07,11.07
2018-11-20 12:13:00,1028.0,11.12,11.12,11.12,11.12
2018-11-20 12:15:00,2178.0,11.09,11.09,11.09,11.09
2018-11-20 12:16:00,560.0,11.06,11.06,11.06,11.06
2018-11-20 12:17:00,750.0,11.04,11.04,11.04,11.04
2018-11-20 12:19:00,2500.0,10.99,10.99,10.99,10.99
2018-11-20 12:21:00,1626.0,10.92,10.97,10.97,10.92
2018-11-20 12:23:00,852.0,10.92,10.92,10.92,10.92
2018-11-20 12:26:00,1392.0,11.0,11.0,10.97,10.97
2018-11-20 12:29:00,225.0,11.01,11.01,11.01,11.01
2018-11-20 12:36:00,102.0,11.0,11.0,11.0,11.0
2018-11-20 12:41:00,510.0,11.02,11.02,11.02,11.02
2018-11-20 12:43:00,200.0,10.96,10.96,10.96,10.96
2018-11-20 12:47:00,300.0,10.9,10.92,10.92,10.9
2018-11-20 12:49:00,302.0,10.86,10.86,10.86,10.86
2018-11-20 12:51:00,605.0,10.91,10.91,10.91,10.91
2018-11-20 12:53:00,205.0,10.96,10.96,10.96,10.96
2018-11-20 12:57:00,1120.0,10.9599,10.9599,10.9599,10.9599
2018-11-20 13:02:00,300.0,10.89,10.89,10.89,10.89
2018-11-20 13:03:00,100.0,10.9,10.9,10.9,10.9
2018-11-20 13:04:00,205.0,10.9,10.9,10.9,10.9
2018-11-20 13:11:00,1889.0,10.93,10.93,10.93,10.93
2018-11-20 13:13:00,3410.0,10.82,10.85,10.85,10.82
2018-11-20 13:16:00,1813.0,10.83,10.83,10.83,10.83
2018-11-20 13:17:00,1236.0,10.8664,10.8664,10.8664,10.8664
2018-11-20 13:21:00,1655.0,10.83,10.83,10.83,10.83
2018-11-20 13:22:00,1305.0,10.81,10.81,10.81,10.81
2018-11-20 13:23:00,1196.0,10.81,10.81,10.81,10.81
2018-11-20 13:25:00,982.0,10.81,10.81,10.81,10.81
2018-11-20 13:29:00,915.0,10.76,10.76,10.76,10.76
2018-11-20 13:32:00,330.0,10.79,10.79,10.79,10.79
2018-11-20 13:34:00,300.0,10.76,10.76,10.76,10.76
2018-11-20 13:37:00,300.0,10.78,10.78,10.76,10.76
2018-11-20 13:44:00,389.0,10.81,10.81,10.81,10.81
2018-11-20 13:46:00,200.0,10.82,10.82,10.82,10.82
2018-11-20 13:48:00,146.0,10.79,10.79,10.79,10.79
2018-11-20 13:51:00,155.0,10.76,10.76,10.76,10.76
2018-11-20 13:54:00,750.0,10.7201,10.7424,10.7424,10.7201
2018-11-20 13:58:00,100.0,10.715,10.715,10.715,10.715
2018-11-20 13:59:00,100.0,10.72,10.72,10.72,10.72
2018-11-20 14:00:00,1480.0,10.66,10.66,10.66,10.66
2018-11-20 14:02:00,1181.0,10.68,10.68,10.68,10.68
2018-11-20 14:04:00,1881.0,10.69,10.69,10.69,10.69
2018-11-20 14:07:00,440.0,10.68,10.68,10.68,10.68
2018-11-20 14:09:00,700.0,10.664,10.664,10.664,10.664
2018-11-20 14:10:00,322.0,10.67,10.67,10.67,10.67
2018-11-20 14:12:00,2860.0,10.72,10.72,10.7,10.7
2018-11-20 14:13:00,449.0,10.72,10.72,10.72,10.72
2018-11-20 14:17:00,1370.0,10.7,10.7,10.7,10.7
2018-11-20 14:20:00,210.0,10.67,10.67,10.67,10.67
2018-11-20 14:21:00,516.0,10.67,10.67,10.67,10.67
2018-11-20 14:24:00,110.0,10.66,10.66,10.66,10.66
2018-11-20 14:28:00,110.0,10.66,10.66,10.66,10.66
2018-11-20 14:34:00,406.0,10.71,10.71,10.71,10.71
2018-11-20 14:39:00,575.0,10.74,10.74,10.74,10.74
2018-11-20 14:45:00,1515.0,10.68,10.68,10.68,10.68
2018-11-20 14:52:00,799.0,10.69,10.69,10.69,10.69
2018-11-20 14:55:00,671.0,10.64,10.64,10.64,10.64
2018-11-20 14:58:00,100.0,10.64,10.64,10.64,10.64
2018-11-20 14:59:00,720.0,10.67,10.67,10.67,10.67
2018-11-20 15:00:00,536.0,10.7,10.7,10.7,10.7
2018-11-20 15:02:00,290.0,10.69,10.69,10.69,10.69
2018-11-20 15:04:00,170.0,10.62,10.62,10.62,10.62
2018-11-20 15:06:00,210.0,10.61,10.61,10.61,10.61
2018-11-20 15:08:00,1236.0,10.6,10.6,10.6,10.6
2018-11-20 15:12:00,796.0,10.67,10.67,10.67,10.67
2018-11-20 15:17:00,400.0,10.66,10.66,10.66,10.66
2018-11-20 15:18:00,770.0,10.65,10.65,10.65,10.65
2018-11-20 15:21:00,323.0,10.67,10.67,10.67,10.67
2018-11-20 15:22:00,500.0,10.66,10.66,10.66,10.66
2018-11-20 15:24:00,240.0,10.68,10.68,10.68,10.68
2018-11-20 15:26:00,582.0,10.69,10.69,10.69,10.69
2018-11-20 15:28:00,500.0,10.71,10.71,10.71,10.71
2018-11-20 15:30:00,600.0,10.7451,10.7451,10.7451,10.7451
2018-11-20 15:31:00,815.0,10.72,10.72,10.72,10.72
2018-11-20 15:35:00,400.0,10.715,10.715,10.715,10.715
2018-11-20 15:37:00,200.0,10.69,10.69,10.69,10.69
2018-11-20 15:38:00,800.0,10.7,10.7,10.7,10.7
2018-11-20 15:41:00,114.0,10.69,10.69,10.69,10.69
2018-11-20 15:42:00,570.0,10.69,10.69,10.69,10.69
2018-11-20 15:45:00,100.0,10.67,10.67,10.67,10.67
2018-11-20 15:46:00,776.0,10.64,10.64,10.64,10.64
2018-11-20 15:48:00,1788.0,10.63,10.63,10.63,10.63
2018-11-20 15:49:00,870.0,10.63,10.63,10.63,10.63
2018-11-20 15:51:00,321.0,10.62,10.62,10.62,10.62
2018-11-20 15:52:00,1411.0,10.64,10.64,10.64,10.64
2018-11-20 15:55:00,2635.0,10.68,10.68,10.6,10.6
2018-11-20 15:58:00,727.0,10.67,10.67,10.67,10.67
2018-11-20 15:59:00,1037.0,10.66,10.66,10.66,10.66
2018-11-20 16:00:00,1072.0,10.69,10.69,10.69,10.69
2018-11-21 09:31:00,0.0,10.68,10.68,10.68,10.68
2018-11-21 09:47:00,457.0,10.6023,10.6023,10.6023,10.6023
2018-11-21 09:49:00,799.0,10.63,10.63,10.63,10.63
2018-11-21 09:51:00,549.0,10.86,10.86,10.86,10.86
2018-11-21 09:54:00,280.0,10.8956,10.8956,10.8956,10.8956
2018-11-21 09:58:00,620.0,10.94,10.94,10.94,10.94
2018-11-21 10:00:00,1300.0,10.955,10.955,10.955,10.955
2018-11-21 10:01:00,808.0,10.8925,10.8925,10.8925,10.8925
2018-11-21 10:04:00,720.0,10.935,10.935,10.935,10.935
2018-11-21 10:07:00,1438.0,10.83,10.83,10.83,10.83
2018-11-21 10:09:00,1164.0,10.77,10.77,10.76,10.76
2018-11-21 10:13:00,100.0,10.79,10.79,10.79,10.79
2018-11-21 10:15:00,907.0,10.84,10.84,10.84,10.84
2018-11-21 10:17:00,1020.0,10.8937,10.8937,10.8937,10.8937
2018-11-21 10:21:00,238.0,10.8755,10.8755,10.8755,10.8755
2018-11-21 10:25:00,200.0,10.88,10.88,10.88,10.88
2018-11-21 10:26:00,110.0,10.88,10.88,10.88,10.88
2018-11-21 10:27:00,2140.0,10.975,10.975,10.975,10.975
2018-11-21 10:28:00,838.0,10.93,10.93,10.93,10.93
2018-11-21 10:31:00,700.0,10.8925,10.8925,10.8925,10.8925
2018-11-21 10:35:00,899.0,10.905,10.905,10.905,10.905
2018-11-21 10:41:00,2689.0,10.87,10.87,10.85,10.85
2018-11-21 10:43:00,188.0,10.85,10.85,10.85,10.85
2018-11-21 10:45:00,1853.0,10.88,10.88,10.88,10.88
2018-11-21 10:46:00,875.0,10.87,10.87,10.87,10.87
2018-11-21 10:47:00,1300.0,10.905,10.905,10.905,10.905
2018-11-21 10:52:00,188.0,10.95,10.95,10.95,10.95
2018-11-21 10:58:00,942.0,10.955,10.955,10.955,10.955
2018-11-21 10:59:00,1115.0,10.92,10.92,10.92,10.92
2018-11-21 11:01:00,625.0,10.96,10.96,10.96,10.96
2018-11-21 11:07:00,201.0,10.97,10.97,10.96,10.96
2018-11-21 11:09:00,850.0,10.99,10.99,10.99,10.99
2018-11-21 11:15:00,1350.0,10.985,10.985,10.985,10.985
2018-11-21 11:16:00,1052.0,11.07,11.07,11.07,11.07
2018-11-21 11:23:00,309.0,11.0,11.0,11.0,11.0
2018-11-21 11:32:00,111.0,10.99,10.99,10.99,10.99
2018-11-21 11:33:00,234.0,11.07,11.07,11.07,11.07
2018-11-21 11:38:00,1211.0,11.05,11.05,11.05,11.05
2018-11-21 11:42:00,273.0,11.05,11.05,11.05,11.05
2018-11-21 11:43:00,1110.0,10.985,10.985,10.985,10.985
2018-11-21 11:49:00,709.0,11.01,11.01,11.01,11.01
2018-11-21 11:50:00,351.0,10.98,10.98,10.98,10.98
2018-11-21 11:53:00,600.0,10.94,10.94,10.94,10.94
2018-11-21 11:57:00,3200.0,10.8925,10.8925,10.8925,10.8925
2018-11-21 11:59:00,303.0,10.91,10.91,10.91,10.91
2018-11-21 12:04:00,605.0,10.94,10.94,10.94,10.94
2018-11-21 12:05:00,1242.0,10.935,10.935,10.935,10.935
2018-11-21 12:06:00,1500.0,10.9461,10.9461,10.9461,10.9461
2018-11-21 12:08:00,605.0,11.01,11.01,11.01,11.01
2018-11-21 12:09:00,300.0,11.01,11.01,11.01,11.01
2018-11-21 12:13:00,700.0,11.03,11.03,11.03,11.03
2018-11-21 12:15:00,100.0,11.07,11.07,11.07,11.07
2018-11-21 12:18:00,100.0,11.04,11.04,11.04,11.04
2018-11-21 12:19:00,619.0,11.04,11.04,11.04,11.04
2018-11-21 12:20:00,314.0,11.03,11.03,11.03,11.03
2018-11-21 12:22:00,1000.0,11.03,11.03,11.03,11.03
2018-11-21 12:23:00,503.0,11.06,11.06,11.06,11.06
2018-11-21 12:24:00,100.0,11.03,11.03,11.03,11.03
2018-11-21 12:25:00,800.0,11.03,11.03,11.03,11.03
2018-11-21 12:29:00,9751.0,11.06,11.11,11.06,11.06
2018-11-21 12:33:00,900.0,11.0101,11.0101,11.0101,11.0101
2018-11-21 12:35:00,205.0,11.01,11.01,11.01,11.01
2018-11-21 12:37:00,780.0,10.99,10.99,10.99,10.99
2018-11-21 12:57:00,331.0,11.0,11.0,11.0,11.0
2018-11-21 13:00:00,2582.0,11.01,11.01,11.0,11.0
2018-11-21 13:03:00,100.0,11.01,11.01,11.01,11.01
2018-11-21 13:07:00,2805.0,11.01,11.01,11.01,11.01
2018-11-21 13:08:00,1392.0,11.0,11.0,11.0,11.0
2018-11-21 13:09:00,1208.0,11.02,11.02,11.02,11.02
2018-11-21 13:13:00,4739.0,11.01,11.04,11.02,11.01
2018-11-21 13:19:00,911.0,11.01,11.01,11.01,11.01
2018-11-21 13:21:00,547.0,11.02,11.02,11.02,11.02
2018-11-21 13:25:00,946.0,11.0,11.0,11.0,11.0
2018-11-21 13:28:00,700.0,11.02,11.02,11.02,11.02
2018-11-21 13:29:00,4970.0,11.0108,11.0108,11.0,11.0
2018-11-21 13:35:00,500.0,11.03,11.03,11.03,11.03
2018-11-21 13:40:00,903.0,11.03,11.03,11.03,11.03
2018-11-21 13:41:00,496.0,11.02,11.02,11.02,11.02
2018-11-21 13:43:00,600.0,11.03,11.03,11.03,11.03
2018-11-21 13:45:00,5101.0,11.047,11.047,11.047,11.047
2018-11-21 13:48:00,640.0,11.05,11.05,11.05,11.05
2018-11-21 14:02:00,209.0,11.06,11.06,11.06,11.06
2018-11-21 14:09:00,105.0,11.09,11.09,11.09,11.09
2018-11-21 14:12:00,195.0,11.07,11.07,11.07,11.07
2018-11-21 14:16:00,518.0,11.06,11.06,11.06,11.06
2018-11-21 14:19:00,238.0,11.05,11.05,11.05,11.05
2018-11-21 14:20:00,509.0,11.03,11.03,11.03,11.03
2018-11-21 14:35:00,400.0,11.0388,11.0388,11.0388,11.0388
2018-11-21 14:40:00,105.0,11.04,11.04,11.04,11.04
2018-11-21 14:41:00,100.0,11.04,11.04,11.04,11.04
2018-11-21 14:43:00,128.0,11.04,11.04,11.04,11.04
2018-11-21 14:47:00,2700.0,11.08,11.08,11.08,11.08
2018-11-21 14:49:00,660.0,11.03,11.03,11.03,11.03
2018-11-21 14:52:00,506.0,11.04,11.04,11.04,11.04
2018-11-21 14:59:00,500.0,11.0556,11.0556,11.0556,11.0556
2018-11-21 15:01:00,106.0,11.05,11.05,11.05,11.05
2018-11-21 15:05:00,3142.0,11.07,11.08,11.08,11.07
2018-11-21 15:09:00,950.0,11.09,11.09,11.09,11.09
2018-11-21 15:13:00,4808.0,11.12,11.12,11.1,11.1
2018-11-21 15:15:00,130.0,11.115,11.115,11.115,11.115
2018-11-21 15:17:00,100.0,11.115,11.115,11.115,11.115
2018-11-21 15:18:00,1229.0,11.15,11.15,11.15,11.15
2018-11-21 15:19:00,344.0,11.15,11.15,11.15,11.15
2018-11-21 15:20:00,608.0,11.12,11.12,11.12,11.12
2018-11-21 15:22:00,686.0,11.09,11.09,11.09,11.09
2018-11-21 15:25:00,1011.0,11.11,11.11,11.11,11.11
2018-11-21 15:31:00,511.0,11.1,11.1,11.09,11.09
2018-11-21 15:34:00,468.0,11.11,11.11,11.11,11.11
2018-11-21 15:37:00,319.0,11.13,11.13,11.12,11.12
2018-11-21 15:39:00,838.0,11.11,11.11,11.11,11.11
2018-11-21 15:43:00,1000.0,11.09,11.09,11.09,11.09
2018-11-21 15:44:00,116.0,11.11,11.11,11.11,11.11
2018-11-21 15:48:00,2108.0,11.1,11.1,11.1,11.1
2018-11-21 15:49:00,1423.0,11.1,11.1,11.1,11.1
2018-11-21 15:52:00,641.0,11.11,11.11,11.11,11.11
2018-11-21 15:53:00,1890.0,11.0925,11.0925,11.0925,11.0925
2018-11-21 15:56:00,107.0,11.095,11.095,11.095,11.095
2018-11-21 15:57:00,3658.0,11.11,11.11,11.1003,11.1003
2018-11-21 15:59:00,2914.0,11.09,11.1,11.1,11.09
2018-11-21 16:00:00,5057.0,11.08,11.09,11.09,11.08
